{
  "version": 2,
  "name": "emmanuel-ethiopian-tours",
  "builds": [
    {
      "src": "package.json",
      "use": "@vercel/static-build",
      "config": {
        "distDir": "public"
      }
    }
  ],
  "buildCommand": "npm run build",
  "outputDirectory": "public",
  "devCommand": "npm run dev",
  "installCommand": "npm install",
  "routes": [
    {
      "src": "/",
      "dest": "/index.html"
    },
    {
      "src": "/pages/(.*)",
      "dest": "/pages/$1"
    },
    {
      "src": "/(.*)",
      "dest": "/$1"
    }
  ],
  "headers": [
    {
      "source": "/css/(.*)",
      "headers": [
        {
          "key": "Cache-Control",
          "value": "public, max-age=31536000, immutable"
        }
      ]
    },
    {
      "source": "/(.*\\.(js|css|png|jpg|jpeg|gif|ico|svg))",
      "headers": [
        {
          "key": "Cache-Control",
          "value": "public, max-age=31536000, immutable"
        }
      ]
    }
  ],
  "env": {
    "BUILDER_PUBLIC_KEY": "@builder_public_key"
  }
}